,Unnamed: 0,label,gender,profession,ideology_binary,ideology_multiclass,tweet,cleaned_tweet
0,0,00369358fac3b8d42845f82f0c3ececc,1,1,0,0,"@user Escribi√≥ un libro result√≥n, con gracejo, que mueve sentimientos por doquier. La invitaron a hablar de ello ante Presidencia, lo prepar√≥ bien para impactar. Lo logr√≥. La intelectualidad de izquierdas, solita, hizo el resto. Le hizo la publi, le gener√≥ el hueco, la consagr√≥.","@user Escribi√≥ un libro result√≥n, con gracejo, que mueve sentimientos por doquier. La invitaron a hablar de ello ante Presidencia, lo prepar√≥ bien para impactar. Lo logr√≥. La intelectualidad de izquierdas, solita, hizo el resto. Le hizo la publi, le gener√≥ el hueco, la consagr√≥."
1,1,00369358fac3b8d42845f82f0c3ececc,1,1,0,0,@user Lo prometido es deuda. Aqu√≠ la foto: .,@user Lo prometido es deuda. Aqu√≠ la foto: .
2,2,00369358fac3b8d42845f82f0c3ececc,1,1,0,0,@user Bastante √±o√±a. Me jart√© a llorar. De lo m√°s terap√©utico.,@user Bastante √±o√±a. Me jart√© a llorar. De lo m√°s terap√©utico.
3,3,00369358fac3b8d42845f82f0c3ececc,1,1,0,0,"@user No s√© nada acerca de eso, pero est√° claro que vulnerar un 'Off the record' no es manera de cuidar a periodistas ""cercanos"", como debe hacer un portavoz en respeto a su responsabilidad organizativa. Eso es de primero de comunicaci√≥n, y a Iglesias no se le escapa, te lo aseguro.","@user No s√© nada acerca de eso, pero est√° claro que vulnerar un 'Off the record' no es manera de cuidar a periodistas ""cercanos"", como debe hacer un portavoz en respeto a su responsabilidad organizativa. Eso es de primero de comunicaci√≥n, y a Iglesias no se le escapa, te lo aseguro."
4,4,00369358fac3b8d42845f82f0c3ececc,1,1,0,0,"@user ¬øEn qu√© medio tienen su podcast esos, dice Ud.?","@user ¬øEn qu√© medio tienen su podcast esos, dice Ud.?"
5,5,00369358fac3b8d42845f82f0c3ececc,1,1,0,0,"Dos vueltas al sol ya, Manu. Hijo de la tormenta. Qu√© confusos y agolpados los recuerdos de esa noche infinita. El p√°nico, la tensi√≥n, la incertidumbre y la euforia final, tan pegadas. Gracias por cuanto nos ense√±as cada d√≠a. Dulces sue√±os, rat√≥n. Ma√±ana seguimos. Feliz cumple.","Dos vueltas al sol ya, Manu. Hijo de la tormenta. Qu√© confusos y agolpados los recuerdos de esa noche infinita. El p√°nico, la tensi√≥n, la incertidumbre y la euforia final, tan pegadas. Gracias por cuanto nos ense√±as cada d√≠a. Dulces sue√±os, rat√≥n. Ma√±ana seguimos. Feliz cumple."
6,6,00369358fac3b8d42845f82f0c3ececc,1,1,0,0,"Twitter no va a desaparecer, decir eso es desconocer c√≥mo funciona. Lo que ya est√° pasando (e ir√° a peor) es su degeneraci√≥n: veremos una selecci√≥n cada vez m√°s absurda y pobre de mensajes en nuestro timeline, y s√≥lo quienes inviertan mucho en promoci√≥n lograr√°n grandes alcances.","Twitter no va a desaparecer, decir eso es desconocer c√≥mo funciona. Lo que ya est√° pasando (e ir√° a peor) es su degeneraci√≥n: veremos una selecci√≥n cada vez m√°s absurda y pobre de mensajes en nuestro timeline, y s√≥lo quienes inviertan mucho en promoci√≥n lograr√°n grandes alcances."
7,7,00369358fac3b8d42845f82f0c3ececc,1,1,0,0,"@user Ni s√© qui√©n es, ni nos conocemos de nada, ni logro adivinar de d√≥nde procede su reproche arbitrario y err√°tico. Feliz s√°bado, y buena terapia tenga Ud.","@user Ni s√© qui√©n es, ni nos conocemos de nada, ni logro adivinar de d√≥nde procede su reproche arbitrario y err√°tico. Feliz s√°bado, y buena terapia tenga Ud."
8,8,00369358fac3b8d42845f82f0c3ececc,1,1,0,0,"@user Bueeeeno.... En ello estamos. Subterfugios, tienen muchos, por desgracia. El de esta noticia les funciona bien, por ejemplo. Ganar una plaza y que te dure un a√±o, y luego a la calle.","@user Bueeeeno.... En ello estamos. Subterfugios, tienen muchos, por desgracia. El de esta noticia les funciona bien, por ejemplo. Ganar una plaza y que te dure un a√±o, y luego a la calle."
9,9,00369358fac3b8d42845f82f0c3ececc,1,1,0,0,"@user Sensaci√≥n correcta. O haces m√©ritos y CV para progresar y asentarte profesionalmente, o los haces para el impacto cultural y reconocimiento p√∫blico. Son incompatibles, nadie (joven) destaca en ambos √°mbitos, es imposible.","@user Sensaci√≥n correcta. O haces m√©ritos y CV para progresar y asentarte profesionalmente, o los haces para el impacto cultural y reconocimiento p√∫blico. Son incompatibles, nadie (joven) destaca en ambos √°mbitos, es imposible."
10,10,00369358fac3b8d42845f82f0c3ececc,1,1,0,0,"Lo digo con cari√±o a las amigas y amigos que con su mejor intenci√≥n han analizado el viral. Respeto su an√°lisis, pero creo que la reacci√≥n colectiva (lluvia de columnas acusatorias de protofascismo y campa√±a de acoso en redes) ha sido algo desproporcionada y contraproducente.","Lo digo con cari√±o a las amigas y amigos que con su mejor intenci√≥n han analizado el viral. Respeto su an√°lisis, pero creo que la reacci√≥n colectiva (lluvia de columnas acusatorias de protofascismo y campa√±a de acoso en redes) ha sido algo desproporcionada y contraproducente."
11,11,00369358fac3b8d42845f82f0c3ececc,1,1,0,0,@user Si por premisa te refer√≠as a que muchos intelectuales del primer grupo (denunciantes de la ciencia como herramienta de dominaci√≥n) hoy est√°n en el segundo (combatiendo en negacionismo con ciencia). Que as√≠ te he entendido yo. Y me parece una obviedad que eso se da tal cual.,@user Si por premisa te refer√≠as a que muchos intelectuales del primer grupo (denunciantes de la ciencia como herramienta de dominaci√≥n) hoy est√°n en el segundo (combatiendo en negacionismo con ciencia). Que as√≠ te he entendido yo. Y me parece una obviedad que eso se da tal cual.
12,12,00369358fac3b8d42845f82f0c3ececc,1,1,0,0,"@user Creo que no ""ES"" estrictamente de ninguno de los dos, en el sentido de pertenencia identitaria. ¬°Por suerte para la izquierda! Pero es un poco de los dos, y tambi√©n de Podemos, en el sentido de vinculaci√≥n socialmente percibida e inevitable. Y ese delicado equilibrio debe cuidar.","@user Creo que no ""ES"" estrictamente de ninguno de los dos, en el sentido de pertenencia identitaria. ¬°Por suerte para la izquierda! Pero es un poco de los dos, y tambi√©n de Podemos, en el sentido de vinculaci√≥n socialmente percibida e inevitable. Y ese delicado equilibrio debe cuidar."
13,13,00369358fac3b8d42845f82f0c3ececc,1,1,0,0,"¬øPero qu√© maravilla estoy leyendo y por qu√© no he llegado antes a Maggie O'Farrell? Novela coral bien tramada, delicias estil√≠sticas que sorprenden, narrativa genialmente dosificada, que atrapa, delicadeza y brutalidad danzando en armon√≠a, tacto, humanidad, agudeza. Y veraniega.","¬øPero qu√© maravilla estoy leyendo y por qu√© no he llegado antes a Maggie O'Farrell? Novela coral bien tramada, delicias estil√≠sticas que sorprenden, narrativa genialmente dosificada, que atrapa, delicadeza y brutalidad danzando en armon√≠a, tacto, humanidad, agudeza. Y veraniega."
14,14,00369358fac3b8d42845f82f0c3ececc,1,1,0,0,"@user Con 80 estudiantes por clase, no es f√°cil.ü§î. A 15 min. de exposici√≥n cada uno: 20 horas. Una semana entera, si dedicas 4h diarias.","@user Con 80 estudiantes por clase, no es f√°cil.:thinking_face:. A 15 min. de exposici√≥n cada uno: 20 horas. Una semana entera, si dedicas 4h diarias."
15,15,00369358fac3b8d42845f82f0c3ececc,1,1,0,0,"En Securitas Direct dicen que hoy, si bajas a por el pan, igual te okupan la casa. Pero lo cierto es que yo me he dejado todo el d√≠a la mochila en la cesta de la bici, aparcada en plena calle, y por la noche aqu√≠ siguen. Que tambi√©n somos esto, Madrid, que a veces se nos olvida.","En Securitas Direct dicen que hoy, si bajas a por el pan, igual te okupan la casa. Pero lo cierto es que yo me he dejado todo el d√≠a la mochila en la cesta de la bici, aparcada en plena calle, y por la noche aqu√≠ siguen. Que tambi√©n somos esto, Madrid, que a veces se nos olvida."
16,16,00369358fac3b8d42845f82f0c3ececc,1,1,0,0,@user Se podr√° descargar gratis en cuanto l@s compa√±er@s del archivo la suban. La colgar√© aqu√≠ y te env√≠o copia. üòâ,@user Se podr√° descargar gratis en cuanto l@s compa√±er@s del archivo la suban. La colgar√© aqu√≠ y te env√≠o copia. :winking_face:
17,17,00369358fac3b8d42845f82f0c3ececc,1,1,0,0,"Pues nos est√° quedando una esfera p√∫blica que da unas ganas locas de encerrarse en la privada, ¬øno?","Pues nos est√° quedando una esfera p√∫blica que da unas ganas locas de encerrarse en la privada, ¬øno?"
18,18,00369358fac3b8d42845f82f0c3ececc,1,1,0,0,"Informar sobre barbaries y sentir que sirve de poco. Presiones internas. Amenazas externas. Denuncias. . Exposici√≥n p√∫blica. . ¬øPor qu√© hay ""muchas compa√±eras quemadas que quieren dejar su trabajo en [HASHTAG] o lo hacen asqueadas""?üëáüèª.","Informar sobre barbaries y sentir que sirve de poco. Presiones internas. Amenazas externas. Denuncias. . Exposici√≥n p√∫blica. . ¬øPor qu√© hay ""muchas compa√±eras quemadas que quieren dejar su trabajo en [HASHTAG] o lo hacen asqueadas""?:backhand_index_pointing_down_light_skin_tone:."
19,19,00369358fac3b8d42845f82f0c3ececc,1,1,0,0,"@user De la comunicaci√≥n sin m√°s, dir√≠a. No en compol, ni en consultoras privadas, claro, donde impera un positivismo pragm√°tico que no desprecia hacer pleno uso de estudios cualitativos e interpretativos, donde m√°s sirven. S√≠ en la academia, sin duda.","@user De la comunicaci√≥n sin m√°s, dir√≠a. No en compol, ni en consultoras privadas, claro, donde impera un positivismo pragm√°tico que no desprecia hacer pleno uso de estudios cualitativos e interpretativos, donde m√°s sirven. S√≠ en la academia, sin duda."
20,20,00369358fac3b8d42845f82f0c3ececc,1,1,0,0,"@user Hasta cu√°ndo seguiremos con las horrorosas portadas oficiales, todas iguales.","@user Hasta cu√°ndo seguiremos con las horrorosas portadas oficiales, todas iguales."
21,21,00369358fac3b8d42845f82f0c3ececc,1,1,0,0,"De lo mejor que se puede leer hoy para entender, sin aspavientos, el presente, la historia reciente y el futuro inmediato de las opciones reales que va a tener la izquierda en las pr√≥ximas convocatorias electorales. Lectura m√°s que recomendable. üëáüèª","De lo mejor que se puede leer hoy para entender, sin aspavientos, el presente, la historia reciente y el futuro inmediato de las opciones reales que va a tener la izquierda en las pr√≥ximas convocatorias electorales. Lectura m√°s que recomendable. :backhand_index_pointing_down_light_skin_tone:"
22,22,00369358fac3b8d42845f82f0c3ececc,1,1,0,0,"No me puedo creer que nadie haya inventado a√∫n el cowork con guarder√≠a, o piscina de bolas/animaci√≥n infantil con mesa a la vista para que papi curre. ¬øQu√© hac√©is cuando llega un deadline y no hay escuela infantil ni abuel@s de guardia?üò∞. [HASHTAG]","No me puedo creer que nadie haya inventado a√∫n el cowork con guarder√≠a, o piscina de bolas/animaci√≥n infantil con mesa a la vista para que papi curre. ¬øQu√© hac√©is cuando llega un deadline y no hay escuela infantil ni abuel@s de guardia?:anxious_face_with_sweat:. [HASHTAG]"
23,23,00369358fac3b8d42845f82f0c3ececc,1,1,0,0,"Los que defend√©is contra viento y marea que Pablo Iglesias no alud√≠a a [POLITICIAN] cuando usaba las palabras ""miserable"", ""cobarde"" y ""est√∫pido"", pod√©is tranquilizaros. Ver√©is qu√© pronto sale el l√≠der y lo aclara todo desde su podcast, y santas pascuas. Ahora. Ahorita. Ya de ya.","Los que defend√©is contra viento y marea que Pablo Iglesias no alud√≠a a [POLITICIAN] cuando usaba las palabras ""miserable"", ""cobarde"" y ""est√∫pido"", pod√©is tranquilizaros. Ver√©is qu√© pronto sale el l√≠der y lo aclara todo desde su podcast, y santas pascuas. Ahora. Ahorita. Ya de ya."
24,24,00369358fac3b8d42845f82f0c3ececc,1,1,0,0,"@user ""Es el alcalde el que quiere que sean los vecinos el alcalde""","@user ""Es el alcalde el que quiere que sean los vecinos el alcalde"""
25,25,00369358fac3b8d42845f82f0c3ececc,1,1,0,0,"@user Para la Sanidad de Madrid, muy privatizada, no hay an√°lisis cient√≠ficos comparativos similares, por la sencilla raz√≥n de que los datos no est√°n publicados, hay un problema de opacidad. Las empresas privadas no son transparentes, revelan mucha menos informaci√≥n. Busque Ud. alguno.","@user Para la Sanidad de Madrid, muy privatizada, no hay an√°lisis cient√≠ficos comparativos similares, por la sencilla raz√≥n de que los datos no est√°n publicados, hay un problema de opacidad. Las empresas privadas no son transparentes, revelan mucha menos informaci√≥n. Busque Ud. alguno."
26,26,00369358fac3b8d42845f82f0c3ececc,1,1,0,0,"Hablo de estos ejemplos, sin ir m√°s lejos. ¬øLos periodistas son excelentes u horripilantes seg√∫n nos traten?ü§î.","Hablo de estos ejemplos, sin ir m√°s lejos. ¬øLos periodistas son excelentes u horripilantes seg√∫n nos traten?:thinking_face:."
27,27,00369358fac3b8d42845f82f0c3ececc,1,1,0,0,"Pues, os guste o no, la posici√≥n oficial de Podemos ahora mismo es que Yolanda es ""miserable, cobarde y est√∫pida"", y tambi√©n que les debe respeto y que les vaya haciendo un hueco bien alto en las listas. Que todo lo dem√°s es ser cloaca. Machoalfismo pasivo-agresivo, de manual.","Pues, os guste o no, la posici√≥n oficial de Podemos ahora mismo es que Yolanda es ""miserable, cobarde y est√∫pida"", y tambi√©n que les debe respeto y que les vaya haciendo un hueco bien alto en las listas. Que todo lo dem√°s es ser cloaca. Machoalfismo pasivo-agresivo, de manual."
28,28,00369358fac3b8d42845f82f0c3ececc,1,1,0,0,"En el contexto cultural actual, a quien m√°s da√±an los vomitivos insultos proferidos ayer contra [POLITICIAN], es a quienes callan, a quienes los dicen, y sobre todo a la instituci√≥n que permite decirlos y agotar el turno de palabra. Solidaridad total con quien los sufre. Basta ya.","En el contexto cultural actual, a quien m√°s da√±an los vomitivos insultos proferidos ayer contra [POLITICIAN], es a quienes callan, a quienes los dicen, y sobre todo a la instituci√≥n que permite decirlos y agotar el turno de palabra. Solidaridad total con quien los sufre. Basta ya."
29,29,00369358fac3b8d42845f82f0c3ececc,1,1,0,0,@user Por lo que veo... un poco. Pero no pretend√≠a!,@user Por lo que veo... un poco. Pero no pretend√≠a!
30,30,00369358fac3b8d42845f82f0c3ececc,1,1,0,0,"@user Pero √±o√±a bien, tampoco insulsa. Si te gusta el cine surcoreano, es el prota de Par√°sitos, y est√° fant√°stico. Le fue muy bien en Cannes y San Sebasti√°n. Engancha, con recursos facilones, pero lo hace. No es una peli para analizar, es para llor√°rsela toda.","@user Pero √±o√±a bien, tampoco insulsa. Si te gusta el cine surcoreano, es el prota de Par√°sitos, y est√° fant√°stico. Le fue muy bien en Cannes y San Sebasti√°n. Engancha, con recursos facilones, pero lo hace. No es una peli para analizar, es para llor√°rsela toda."
31,31,00369358fac3b8d42845f82f0c3ececc,1,1,0,0,"@user Ambos. Luc√≠a M√©ndez ha dejado de coquetear tanto con la ""nueva pol√≠tica"" y Podemos (es decir, PIT, porque ¬øhay diferencia?) ha pasado a confrontar individual y personalmente con much@s periodistas y medios que hasta hace poco consideraba cercan@s e invitaba a sus tertulias.","@user Ambos. Luc√≠a M√©ndez ha dejado de coquetear tanto con la ""nueva pol√≠tica"" y Podemos (es decir, PIT, porque ¬øhay diferencia?) ha pasado a confrontar individual y personalmente con much@s periodistas y medios que hasta hace poco consideraba cercan@s e invitaba a sus tertulias."
32,32,00369358fac3b8d42845f82f0c3ececc,1,1,0,0,Por qu√© es importante (aunque poco habitual) que lxs periodistas estemos sindicadxs. El hilo.üëáüèª,Por qu√© es importante (aunque poco habitual) que lxs periodistas estemos sindicadxs. El hilo.:backhand_index_pointing_down_light_skin_tone:
33,33,00369358fac3b8d42845f82f0c3ececc,1,1,0,0,"De elogio transversal del encuentro, del abrazo, del brindis y hasta el villancico, frente a la digitalizaci√≥n de las relaciones sociales al servicio de la econom√≠a de la atenci√≥n, que nos expropia nuestro bien m√°s preciado.","De elogio transversal del encuentro, del abrazo, del brindis y hasta el villancico, frente a la digitalizaci√≥n de las relaciones sociales al servicio de la econom√≠a de la atenci√≥n, que nos expropia nuestro bien m√°s preciado."
34,34,00369358fac3b8d42845f82f0c3ececc,1,1,0,0,"@user ""Progreso"" hacia el precipicio.ü§¶üèª. Y sin embargo, en parte acierta: disputar y redefinir (y hacerse con) la idea de progreso es clave para el ecologismo pol√≠tico. Sigue siendo su Tal√≥n de Aquiles discursivo, por m√°s que se esfuerza en guarnecerlo.","@user ""Progreso"" hacia el precipicio.:person_facepalming_light_skin_tone:. Y sin embargo, en parte acierta: disputar y redefinir (y hacerse con) la idea de progreso es clave para el ecologismo pol√≠tico. Sigue siendo su Tal√≥n de Aquiles discursivo, por m√°s que se esfuerza en guarnecerlo."
35,35,00369358fac3b8d42845f82f0c3ececc,1,1,0,0,"Quienes hoy denigr√°is a Luc√≠a M√©ndez como si fuera una especie de ""militante anti-podemita"", ¬øno os acord√°is de cuando Pablo Iglesias recomendaba sus an√°lisis, le daba entrevistas clave y la invitaba a sus tertulias? ¬°Qu√© poca memoria y qu√© cambio de cultura medi√°tica en Podemos!","Quienes hoy denigr√°is a Luc√≠a M√©ndez como si fuera una especie de ""militante anti-podemita"", ¬øno os acord√°is de cuando Pablo Iglesias recomendaba sus an√°lisis, le daba entrevistas clave y la invitaba a sus tertulias? ¬°Qu√© poca memoria y qu√© cambio de cultura medi√°tica en Podemos!"
36,36,00369358fac3b8d42845f82f0c3ececc,1,1,0,0,"Ha sido un privilegio dirigir esta tesis. He disfrutado y aprendido mucho, y hemos trabado una relaci√≥n acad√©mica para toda la vida. Gracias a los profesores @user  Rodrigo Castro (@user ), @user  y Luis Nitrihual (@user ), por sus apreciaciones.","Ha sido un privilegio dirigir esta tesis. He disfrutado y aprendido mucho, y hemos trabado una relaci√≥n acad√©mica para toda la vida. Gracias a los profesores @user  Rodrigo Castro (@user ), @user  y Luis Nitrihual (@user ), por sus apreciaciones."
37,37,00369358fac3b8d42845f82f0c3ececc,1,1,0,0,"No olvidemos que la √∫ltima vez que Iglesias se present√≥ a elecciones como candidato en 2021, [POLITICIAN] le adelant√≥ en m√°s de 350 mil votos, y √©l se retir√≥ diciendo ""no contribuyo a sumar‚Ä¶ no soy una figura que pueda contribuir a ganar"". Que igual no se equivocaba.","No olvidemos que la √∫ltima vez que Iglesias se present√≥ a elecciones como candidato en 2021, [POLITICIAN] le adelant√≥ en m√°s de 350 mil votos, y √©l se retir√≥ diciendo ""no contribuyo a sumar‚Ä¶ no soy una figura que pueda contribuir a ganar"". Que igual no se equivocaba."
38,38,00369358fac3b8d42845f82f0c3ececc,1,1,0,0,"@user De los ""cuidados"" dec√≠a yo. Pero tambi√©n. Un abrazo.","@user De los ""cuidados"" dec√≠a yo. Pero tambi√©n. Un abrazo."
39,39,00369358fac3b8d42845f82f0c3ececc,1,1,0,0,"La fiesta de la Navidad puede vivirse de muchas maneras. S√© que muchos, en ese espacio simb√≥lico que llamamos Izquierda, no pueden evitar vivirlo como imposici√≥n c√≠nica, ""falsa"", consumista, de car√°cter patriarcal, religioso y colonial.. 'Hilillo' va...üßµ","La fiesta de la Navidad puede vivirse de muchas maneras. S√© que muchos, en ese espacio simb√≥lico que llamamos Izquierda, no pueden evitar vivirlo como imposici√≥n c√≠nica, ""falsa"", consumista, de car√°cter patriarcal, religioso y colonial.. 'Hilillo' va...:thread:"
40,40,00584645548f8443d0aad9f6c1a61f52,1,0,1,3,"La Superliga es el lobo, que hoy se disfraza de abuelita para intentar enga√±ar al f√∫tbol europeo, pero SU nariz y SUS dientes son muy grandes, ¬øcuatro divisiones en europa? Claro la primera para ellos, como en la reforma de 2019.¬øGobierno de los clubes? Claro solo de los grandes","La Superliga es el lobo, que hoy se disfraza de abuelita para intentar enga√±ar al f√∫tbol europeo, pero SU nariz y SUS dientes son muy grandes, ¬øcuatro divisiones en europa? Claro la primera para ellos, como en la reforma de 2019.¬øGobierno de los clubes? Claro solo de los grandes"
41,41,00584645548f8443d0aad9f6c1a61f52,1,0,1,3,"Esto pasa cuando los tan repetidos Valores son de ""boquilla"", ""bien queda"" ""cosm√©ticos"" ... y no se cree en ellos.","Esto pasa cuando los tan repetidos Valores son de ""boquilla"", ""bien queda"" ""cosm√©ticos"" ... y no se cree en ellos."
42,42,00584645548f8443d0aad9f6c1a61f52,1,0,1,3,"Resumen de las mejores ""jugadas"" de la primera jornada de la Liga Genuine Santander celebrada en Tarragona. Gracias @user üôè. Gracias @user  por acogernosüôèGracias a los 300 voluntariosüôè. A todos üôè. ¬°COMPARTIR ANTES QUE COMPETIR!. [HASHTAG] üëá","Resumen de las mejores ""jugadas"" de la primera jornada de la Liga Genuine Santander celebrada en Tarragona. Gracias @user :folded_hands:. Gracias @user  por acogernos:folded_hands:Gracias a los 300 voluntarios:folded_hands:. A todos :folded_hands:. ¬°COMPARTIR ANTES QUE COMPETIR!. [HASHTAG] :backhand_index_pointing_down:"
43,43,00584645548f8443d0aad9f6c1a61f52,1,0,1,3,"Intensas jornadas de trabajo, estuvimos con el Ministro de Econom√≠a de EAUüá¶üá™ organizador de Investopia, con el jefe de Gobierno del Emirato de Sharjah. Firmamos un gran acuerdo Galaxy Rider. Celebramos por primera vez una Asamblea General de la @user fuera de Espa√±a. etc üëáüëå","Intensas jornadas de trabajo, estuvimos con el Ministro de Econom√≠a de EAU:United_Arab_Emirates: organizador de Investopia, con el jefe de Gobierno del Emirato de Sharjah. Firmamos un gran acuerdo Galaxy Rider. Celebramos por primera vez una Asamblea General de la @user fuera de Espa√±a. etc :backhand_index_pointing_down::OK_hand:"
44,44,00584645548f8443d0aad9f6c1a61f52,1,0,1,3,"Oberva estos datos @user  encontrar√°s respuestas a muchas preguntas que te haces. Hay que informarse, estudiar, reflexionar...sacar conclusi√≥nes y actuar. En temas tan serios e importantes para todos los clubes una actuaci√≥n por impulsos lleva a la ruina a todos. ü§¶ü§¶","Oberva estos datos @user  encontrar√°s respuestas a muchas preguntas que te haces. Hay que informarse, estudiar, reflexionar...sacar conclusi√≥nes y actuar. En temas tan serios e importantes para todos los clubes una actuaci√≥n por impulsos lleva a la ruina a todos. :person_facepalming::person_facepalming:"
45,45,00584645548f8443d0aad9f6c1a61f52,1,0,1,3,La RFEF saca un comunicado en el que no niegan haberme espiado con micros ocultos utilizando como agentes a sus propios directivos. Su preocupaci√≥n tiene m√°s que ver con el Mundial 2030. Surrealista. (4),La RFEF saca un comunicado en el que no niegan haberme espiado con micros ocultos utilizando como agentes a sus propios directivos. Su preocupaci√≥n tiene m√°s que ver con el Mundial 2030. Surrealista. (4)
46,46,00584645548f8443d0aad9f6c1a61f52,1,0,1,3,"23 d√≠as han pasado desde que fu√≠ grabado por @user ü§¶‚Äç‚ôÇÔ∏è siguiendo intrucciones de Rubi ü§í(alias la grabadora),¬øhasta cu√°ndo este ""futbol policial""? Interesante lectura üëá. Gerardo Gonz√°lez Otero: ""Garc√≠a Caba miente, la reuni√≥n con Tebas la pidi√≥ √©l""","23 d√≠as han pasado desde que fu√≠ grabado por @user :man_facepalming: siguiendo intrucciones de Rubi :face_with_thermometer:(alias la grabadora),¬øhasta cu√°ndo este ""futbol policial""? Interesante lectura :backhand_index_pointing_down:. Gerardo Gonz√°lez Otero: ""Garc√≠a Caba miente, la reuni√≥n con Tebas la pidi√≥ √©l"""
47,47,00584645548f8443d0aad9f6c1a61f52,1,0,1,3,"Esta es la realidad, pese a que a alguno le duela. üëáüëáüëá","Esta es la realidad, pese a que a alguno le duela. :backhand_index_pointing_down::backhand_index_pointing_down::backhand_index_pointing_down:"
48,48,00584645548f8443d0aad9f6c1a61f52,1,0,1,3,"Rubialejo hoy en @user  sobre CVC oculta que ya hay 2 informes de la abogac√≠a del estado, el √∫ltimo 1-7-2022, que se√±ala que la operaci√≥n es LEGAL, olvida que 38 clubes profesionales est√°n de acuerdo...claro con tantas reuniones/barbacoa con ""amigas"", no los ha debido leer. ü§¶","Rubialejo hoy en @user  sobre CVC oculta que ya hay 2 informes de la abogac√≠a del estado, el √∫ltimo 1-7-2022, que se√±ala que la operaci√≥n es LEGAL, olvida que 38 clubes profesionales est√°n de acuerdo...claro con tantas reuniones/barbacoa con ""amigas"", no los ha debido leer. :person_facepalming:"
49,49,00584645548f8443d0aad9f6c1a61f52,1,0,1,3,"La NO EXCLUSIVIDAD, es tambi√©n un modelo en la explotaci√≥n de contenidos deportivos y puede marcar la tendencia a medio plazo. Buscando el momento y mercados adecuados. üëáüëá. Amazon entra en LaLiga SmartBank, que transmitir√°n al menos 10 operadores.","La NO EXCLUSIVIDAD, es tambi√©n un modelo en la explotaci√≥n de contenidos deportivos y puede marcar la tendencia a medio plazo. Buscando el momento y mercados adecuados. :backhand_index_pointing_down::backhand_index_pointing_down:. Amazon entra en LaLiga SmartBank, que transmitir√°n al menos 10 operadores."
50,50,00584645548f8443d0aad9f6c1a61f52,1,0,1,3,"Dec√≠an que eramos unos delincuentes e irresponsables por la operaci√≥n con CVC.. Parece que la industria del f√∫tbol se llena de delincuentes e irresponsables üòé(iron√≠a). Inversiones por TODOS los clubes en infraestructura, digitalizaci√≥n...ES EL CAMINOüí™.","Dec√≠an que eramos unos delincuentes e irresponsables por la operaci√≥n con CVC.. Parece que la industria del f√∫tbol se llena de delincuentes e irresponsables :smiling_face_with_sunglasses:(iron√≠a). Inversiones por TODOS los clubes en infraestructura, digitalizaci√≥n...ES EL CAMINO:flexed_biceps:."
51,51,00584645548f8443d0aad9f6c1a61f52,1,0,1,3,HERE WE GO! üß§üöÄ Con fuerza y motivaci√≥n a por lo que viene ‚ö°üí™üèº,HERE WE GO! :gloves::rocket: Con fuerza y motivaci√≥n a por lo que viene :high_voltage::flexed_biceps_medium-light_skin_tone:
52,52,00584645548f8443d0aad9f6c1a61f52,1,0,1,3,"Las medidas cautelarisimas que se han tomado contra @user  se toman sin o√≠r a la @user  nos opendremos a las mismas en el procedimiento, esperemos el final üëá. Nota informativa de LaLiga ante el comunicado del FC Barcelona sobre la inscripci√≥n de Gavi.","Las medidas cautelarisimas que se han tomado contra @user  se toman sin o√≠r a la @user  nos opendremos a las mismas en el procedimiento, esperemos el final :backhand_index_pointing_down:. Nota informativa de LaLiga ante el comunicado del FC Barcelona sobre la inscripci√≥n de Gavi."
53,53,00584645548f8443d0aad9f6c1a61f52,1,0,1,3,"El Pte de la RFEF ""RUB√ç"", graba Ministros, Secretarios de Estado, Pte de Laliga,pone esp√≠as al Pte del sindicato AFE, a periodistas, viaja con novia, hace ""trampas"" en comisiones...¬øhasta cuando la pasividad del ""POLICIA""?¬øQui√©n ser√° el pr√≥ximo espiado?","El Pte de la RFEF ""RUB√ç"", graba Ministros, Secretarios de Estado, Pte de Laliga,pone esp√≠as al Pte del sindicato AFE, a periodistas, viaja con novia, hace ""trampas"" en comisiones...¬øhasta cuando la pasividad del ""POLICIA""?¬øQui√©n ser√° el pr√≥ximo espiado?"
54,54,00584645548f8443d0aad9f6c1a61f52,1,0,1,3,"Lo de Al-Khelaifi es otro nivel. Nos toma a todos por tontos (ni √©l se cree sus mentiras) y se presenta en @user a dar lecciones con soberbia y arrogancia de ""nuevo rico"". Las normas no existen para el @user . Seguiremos luchando por un f√∫tbol sostenible y sin trampas.","Lo de Al-Khelaifi es otro nivel. Nos toma a todos por tontos (ni √©l se cree sus mentiras) y se presenta en @user a dar lecciones con soberbia y arrogancia de ""nuevo rico"". Las normas no existen para el @user . Seguiremos luchando por un f√∫tbol sostenible y sin trampas."
55,55,00584645548f8443d0aad9f6c1a61f52,1,0,1,3,Hacen que nos acostumbremos y parezca f√°cil pero lo que hacen nuestros clubes en Europa es Historia. ¬°Gracias @user y @user por llevar el f√∫tbol espa√±ol a lo m√°s alto! ¬°Y enhorabuena al @user por la clasificaci√≥n a la final de la ! Impresionante.,Hacen que nos acostumbremos y parezca f√°cil pero lo que hacen nuestros clubes en Europa es Historia. ¬°Gracias @user y @user por llevar el f√∫tbol espa√±ol a lo m√°s alto! ¬°Y enhorabuena al @user por la clasificaci√≥n a la final de la ! Impresionante.
56,56,00584645548f8443d0aad9f6c1a61f52,1,0,1,3,¬°Feliz d√≠a de nuestra Fiesta Nacional!. ¬°Feliz d√≠a de la Hispanidad!. ¬°Feliz d√≠a de la Virgen del Pilar!. ¬°Feliz d√≠a de la Guardia Civil!. ¬°Orgullosos de nuestra historia y tradiciones!. ¬°Viva Espa√±a!,¬°Feliz d√≠a de nuestra Fiesta Nacional!. ¬°Feliz d√≠a de la Hispanidad!. ¬°Feliz d√≠a de la Virgen del Pilar!. ¬°Feliz d√≠a de la Guardia Civil!. ¬°Orgullosos de nuestra historia y tradiciones!. ¬°Viva Espa√±a!
57,57,00584645548f8443d0aad9f6c1a61f52,1,0,1,3,"Muy llamativas las declaraciones que cita hoy @user en @user ‚¨áÔ∏è. Lo que la Justicia les deniega y el resto de clubes les rechaza, lo intentan conseguir con lobbismo rancio impropio de esta √©poca. Ya lo dijimos, es incre√≠ble el poder de una persona (o de un palco).","Muy llamativas las declaraciones que cita hoy @user en @user :down_arrow:. Lo que la Justicia les deniega y el resto de clubes les rechaza, lo intentan conseguir con lobbismo rancio impropio de esta √©poca. Ya lo dijimos, es incre√≠ble el poder de una persona (o de un palco)."
58,58,00584645548f8443d0aad9f6c1a61f52,1,0,1,3,Nuestro campe√≥n de @user se corona en Europa. Toda esta [HASHTAG] hab√©is simbolizado la integridad y la Historia en momentos dif√≠ciles para el f√∫tbol.. ¬°¬°¬°Gracias y enhorabuena @user !!!,Nuestro campe√≥n de @user se corona en Europa. Toda esta [HASHTAG] hab√©is simbolizado la integridad y la Historia en momentos dif√≠ciles para el f√∫tbol.. ¬°¬°¬°Gracias y enhorabuena @user !!!
59,59,00584645548f8443d0aad9f6c1a61f52,1,0,1,3,"Estadio de La Cer√°mica renovado en tiempo r√©cord con una inversi√≥n de 50M de euros fruto del Plan Impulso/CVC, el @user se hace m√°s grande y hace m√°s grande a la competici√≥n de @user  TODOS los clubes tienen derecho a tener modernos estadios üëç.","Estadio de La Cer√°mica renovado en tiempo r√©cord con una inversi√≥n de 50M de euros fruto del Plan Impulso/CVC, el @user se hace m√°s grande y hace m√°s grande a la competici√≥n de @user  TODOS los clubes tienen derecho a tener modernos estadios :thumbs_up:."
60,60,00584645548f8443d0aad9f6c1a61f52,1,0,1,3,"Estimado @user , te paso los datos del raparto de tv del @user  comparado con clubes de la @user  sois perfectamente competitivos, @user ingresa menos, y vosotros como los grandes de la @user . Hay que informarse antes de ""rajar"". üëáüëá","Estimado @user , te paso los datos del raparto de tv del @user  comparado con clubes de la @user  sois perfectamente competitivos, @user ingresa menos, y vosotros como los grandes de la @user . Hay que informarse antes de ""rajar"". :backhand_index_pointing_down::backhand_index_pointing_down:"
61,61,00584645548f8443d0aad9f6c1a61f52,1,0,1,3,"Florentino P√©rez a @user ""No podemos permitir que los j√≥venes amen cada vez menos el f√∫tbol porque los partidos que ofrecemos son menos atractivos"" Por favor üôè, que alguien le diga a este hombre que eso es una FAKENEWS, de tanto repetir una mentira se la acaban creyendoüëá","Florentino P√©rez a @user ""No podemos permitir que los j√≥venes amen cada vez menos el f√∫tbol porque los partidos que ofrecemos son menos atractivos"" Por favor :folded_hands:, que alguien le diga a este hombre que eso es una FAKENEWS, de tanto repetir una mentira se la acaban creyendo:backhand_index_pointing_down:"
62,62,00584645548f8443d0aad9f6c1a61f52,1,0,1,3,"Acertadisima apreciaci√≥n de @user  (Ex directora general del CSD, ex alto cargo de la RFEF con funciones de integridad en la √©poca de Rubiales...) sobre la decisi√≥n de hoy del presidente @user de no abrir expediente a Rubiales por prejudicialidad penal.üëáüëáüëçüëç","Acertadisima apreciaci√≥n de @user  (Ex directora general del CSD, ex alto cargo de la RFEF con funciones de integridad en la √©poca de Rubiales...) sobre la decisi√≥n de hoy del presidente @user de no abrir expediente a Rubiales por prejudicialidad penal.:backhand_index_pointing_down::backhand_index_pointing_down::thumbs_up::thumbs_up:"
63,63,00584645548f8443d0aad9f6c1a61f52,1,0,1,3,"Comenzamos una nueva TEMPORADA , de la liga de las aut√©nticas ESTRELLAS y VALORES. 44 Clubes üí™üí™.","Comenzamos una nueva TEMPORADA , de la liga de las aut√©nticas ESTRELLAS y VALORES. 44 Clubes :flexed_biceps::flexed_biceps:."
64,64,00584645548f8443d0aad9f6c1a61f52,1,0,1,3,"Una pena que tras semejante operativo de espionaje con detectives y bolis-grabadora, Rubiales no deje a Inda publicar TODA la conversaci√≥n del s√°bado con @user hablando de Supercopa, NY, [POLITICIAN] Magro, C√≥rdoba, Fuenlabrada, Aganzo, vivienda o autoridades p√∫blicas espiadas","Una pena que tras semejante operativo de espionaje con detectives y bolis-grabadora, Rubiales no deje a Inda publicar TODA la conversaci√≥n del s√°bado con @user hablando de Supercopa, NY, [POLITICIAN] Magro, C√≥rdoba, Fuenlabrada, Aganzo, vivienda o autoridades p√∫blicas espiadas"
65,65,00584645548f8443d0aad9f6c1a61f52,1,0,1,3,"Para escribir este art√≠culo o los autores no se han le√≠do todos los acuerdos con CVC u ocultan intencionadamente parte del mismo. Por cierto uno de ellos reconocido madridista. Ni discriminaci√≥n con los futuros clubes, ni problemas de integridad.ü§î. EL PA√çS.","Para escribir este art√≠culo o los autores no se han le√≠do todos los acuerdos con CVC u ocultan intencionadamente parte del mismo. Por cierto uno de ellos reconocido madridista. Ni discriminaci√≥n con los futuros clubes, ni problemas de integridad.:thinking_face:. EL PA√çS."
66,66,00584645548f8443d0aad9f6c1a61f52,1,0,1,3,"Circula en las redes una declaraciones m√≠as del 15-1- 2019 en el @user  las mismas est√°n sesgadas, no reflejan el sentido de mi intervenci√≥n.Los jugadores paran al final del partido y hablan sobre el partido, los otros temas son para rueda de prensa si el jugador deseaüëá","Circula en las redes una declaraciones m√≠as del 15-1- 2019 en el @user  las mismas est√°n sesgadas, no reflejan el sentido de mi intervenci√≥n.Los jugadores paran al final del partido y hablan sobre el partido, los otros temas son para rueda de prensa si el jugador desea:backhand_index_pointing_down:"
67,67,00584645548f8443d0aad9f6c1a61f52,1,0,1,3,El proyecto [HASHTAG] avanza permitiendo adelantar d√©cadas el crecimiento de la competici√≥n y de los clubes.,El proyecto [HASHTAG] avanza permitiendo adelantar d√©cadas el crecimiento de la competici√≥n y de los clubes.
68,68,00584645548f8443d0aad9f6c1a61f52,1,0,1,3,"Si el ""avestruz"" es tambi√©n el ""policia"", este se convierte en encubridor.¬øTendr√° Rubiallejo m√°s grabaciones de sus reuniones de alto nivel?ü§¶. El 'Gobierno avestruz' en la guerra Rubiales-Tebas: ""Los presidentes de club callamos por miedo a los √°rbitros"".","Si el ""avestruz"" es tambi√©n el ""policia"", este se convierte en encubridor.¬øTendr√° Rubiallejo m√°s grabaciones de sus reuniones de alto nivel?:person_facepalming:. El 'Gobierno avestruz' en la guerra Rubiales-Tebas: ""Los presidentes de club callamos por miedo a los √°rbitros""."
69,69,00584645548f8443d0aad9f6c1a61f52,1,0,1,3,"En el [HASHTAG] hemos hablado de F√∫tbol y Econom√≠a junto a @user  Patricia Rodr√≠guez, @user  Jaume Roures y @user . Son muchos los retos de la industria del f√∫tbol y es importante que las decisiones pol√≠ticas no perjudiquen este sector clave","En el [HASHTAG] hemos hablado de F√∫tbol y Econom√≠a junto a @user  Patricia Rodr√≠guez, @user  Jaume Roures y @user . Son muchos los retos de la industria del f√∫tbol y es importante que las decisiones pol√≠ticas no perjudiquen este sector clave"
70,70,00584645548f8443d0aad9f6c1a61f52,1,0,1,3,Hoy ha finalizado el juicio por el caso Jimmy. @user ha solicitado la reapertura del procedimiento separado por el homicidio de Jimmy con la imputaci√≥n de cuatro acusados. M√°s informaci√≥n en el canal de Telegram de @user üëáüëá.,Hoy ha finalizado el juicio por el caso Jimmy. @user ha solicitado la reapertura del procedimiento separado por el homicidio de Jimmy con la imputaci√≥n de cuatro acusados. M√°s informaci√≥n en el canal de Telegram de @user :backhand_index_pointing_down::backhand_index_pointing_down:.
71,71,00584645548f8443d0aad9f6c1a61f52,1,0,1,3,"Un artista que revolucion√≥ las retransmisiones taurinas y del deporte sobre todo el f√∫tbol. Sobre el albero de las Plazas de Toros y sobre el c√©sped de los campos de f√∫tbol, Victor Santamaria ha dejado aut√©nticas obras de arte. Gracias por tanto. .","Un artista que revolucion√≥ las retransmisiones taurinas y del deporte sobre todo el f√∫tbol. Sobre el albero de las Plazas de Toros y sobre el c√©sped de los campos de f√∫tbol, Victor Santamaria ha dejado aut√©nticas obras de arte. Gracias por tanto. ."
72,72,00584645548f8443d0aad9f6c1a61f52,1,0,1,3,"Algunos NO saben el da√±o econ√≥mico que har√°n al f√∫tbol nacional, para ""beneficiar""a dos.¬øpor qu√© solo escuchan y creen al de siempre?As√≠ nos va.. [POLITICAL_PARTY] y [POLITICAL_PARTY] retiran su ‚Äòamenaza‚Äô al Madrid cuatro d√≠as antes del anuncio clave de Florentino sobre la Superliga","Algunos NO saben el da√±o econ√≥mico que har√°n al f√∫tbol nacional, para ""beneficiar""a dos.¬øpor qu√© solo escuchan y creen al de siempre?As√≠ nos va.. [POLITICAL_PARTY] y [POLITICAL_PARTY] retiran su ‚Äòamenaza‚Äô al Madrid cuatro d√≠as antes del anuncio clave de Florentino sobre la Superliga"
73,73,00584645548f8443d0aad9f6c1a61f52,1,0,1,3,"Para solucionar un problema sobre la interpretaci√≥n de las manos, la primera m√°xima es saber que existe. P√©rez Burrul (ex arbitro @user ),Iturralde (ex arbitro @user . ), @user (jugador @user . ),@user y otros ¬øno saben nada? ü§îü§î.","Para solucionar un problema sobre la interpretaci√≥n de las manos, la primera m√°xima es saber que existe. P√©rez Burrul (ex arbitro @user ),Iturralde (ex arbitro @user . ), @user (jugador @user . ),@user y otros ¬øno saben nada? :thinking_face::thinking_face:."
74,74,00584645548f8443d0aad9f6c1a61f52,1,0,1,3,Empezamos a reflexionar con sentido de una de las consecuencias de la SUPERLIGA. üëáüëá.,Empezamos a reflexionar con sentido de una de las consecuencias de la SUPERLIGA. :backhand_index_pointing_down::backhand_index_pointing_down:.
75,75,00584645548f8443d0aad9f6c1a61f52,1,0,1,3,Se traspasa bar con licencia de apertura hasta las 5 am. Tiene una barra ideal para tertulianos con ideas disparatadas.,Se traspasa bar con licencia de apertura hasta las 5 am. Tiene una barra ideal para tertulianos con ideas disparatadas.
76,76,00584645548f8443d0aad9f6c1a61f52,1,0,1,3,"En Espa√±a, esto suena a prehistoria, con una diferencia, no hubo ley ni nada similar, la deuda del f√∫tbol profesional con el estado en el 2013 era de m√°s de 700 millones de euros con autogestion de los clubes se pag√≥. Durante el Covid no se gener√≥ nada. .","En Espa√±a, esto suena a prehistoria, con una diferencia, no hubo ley ni nada similar, la deuda del f√∫tbol profesional con el estado en el 2013 era de m√°s de 700 millones de euros con autogestion de los clubes se pag√≥. Durante el Covid no se gener√≥ nada. ."
77,77,00584645548f8443d0aad9f6c1a61f52,1,0,1,3,"¬°¬°Enhorabuena a aficionados, jugadores, directivos y todos los estamentos del @user y el @user !!. Bienvenidos de nuevo a la m√°xima categor√≠a de la mejor liga del mundo.","¬°¬°Enhorabuena a aficionados, jugadores, directivos y todos los estamentos del @user y el @user !!. Bienvenidos de nuevo a la m√°xima categor√≠a de la mejor liga del mundo."
78,78,00584645548f8443d0aad9f6c1a61f52,1,0,1,3,LaLiga le gana el ‚Äòpartido‚Äô a Roja Directa: 2 a√±os de prisi√≥n y 500.000 euros de multa por pirater√≠a via @user,LaLiga le gana el ‚Äòpartido‚Äô a Roja Directa: 2 a√±os de prisi√≥n y 500.000 euros de multa por pirater√≠a via @user
79,79,00584645548f8443d0aad9f6c1a61f52,1,0,1,3,"LaLiga crece en EEUUüá∫üá≤. Un mercado estrat√©gico, exigente y lleno de oportunidades ‚¨áÔ∏è","LaLiga crece en EEUU:U.S._Outlying_Islands:. Un mercado estrat√©gico, exigente y lleno de oportunidades :down_arrow:"
